nev,kcal,feherje_g,zsir_g,szenhidrat_g,rost_g,vitamin_c_mg,vitamin_a_ug,kalcium_mg,ar_Ft
Borjúborda,120,20.0,3.9,0.0,0,0,2,8,950
Borjúhús,197,18.6,13.1,0.0,0,0,2,6,1050
Borjúlapocka,110,19.6,2.9,0.0,0,0,2,7,850
Borjúmáj,140,19.9,4.9,2.9,0,20,12000,7,720
Bárányborda,169,20.0,9.2,0.0,0,0,0,20,1050
Báránycomb,128,20.5,4.5,0.0,0,0,0,15,1501.84
Bárányhús,282,16.6,23.4,0.0,0,0,0,16,1200
Báránymáj,139,20.4,5.0,1.8,0,25,6400,8,550
Dió,654,15.2,65.2,7.0,6.7,1.3,20,98,1680
Gesztenye,196,1.6,1.3,36.1,8.6,27,3,32,600
Kesudió,553,18.2,43.9,26.9,3.3,0.5,0,37,1400
Kesudió (pirított),574,15.3,46.4,29.7,3.0,0.3,0,32,1550
Kókusz (nyers),354,3.3,33.5,6.2,9.0,3.3,0,14,850
Mák,525,18.0,41.6,8.6,19.5,1.0,0,1438,2800
Mandula,579,21.2,49.9,9.1,12.5,0.0,1,264,1650
Mogyoró,567,25.8,49.2,7.6,8.1,0.5,0,92,1250
Napraforgómag,584,20.8,51.5,11.4,8.6,1.4,35,78,680
Pekándió (pirított),710,9.5,74.3,4.2,8.7,0.8,15,63,2800
Pisztácia,560,20.2,45.3,16.6,10.3,5.0,29,107,3200
Szezámmag,573,17.7,49.7,11.7,9.8,2.2,0,975,1200
Tökmag,574,29.8,49.0,8.2,1.1,8.5,487,46,1400
Arborio rizs (főtt),133,2.7,0.0,33.0,0.6,0,0,10,140
Árpa,354,12.5,2.3,56.2,9.9,0,13,33,320
Árpaliszt,345,10.5,1.6,64.4,8.8,0,0,29,280
Barna rizs (száraz),362,7.5,2.7,72.8,3.5,0,0,33,289.9
Basmati rizs (száraz),360,10.0,3.0,80.0,1.1,0,0,28,293.9
Bulgur (száraz),342,12.3,1.3,75.8,10.2,0,0,35,280
Fehér rizs (száraz),360,6.6,0.6,77.9,0.8,0,0,28,280
Hajdina (száraz),343,13.3,3.4,61.5,10.0,0.5,0,71,420
Zab,389,16.8,6.9,55.6,10.6,0,2,54,180
Zabpehely,389,16.8,6.9,55.6,10.0,0,2,54,280
Csiperkegomba,22,3.1,0.3,2.3,2.4,2.1,0,3,289.8
Áfonya,46,0.4,0.1,8.3,3.3,9.7,3,6,959.2
Áfonya dzsem,243,0.3,0.0,59.7,1.2,3,5,15,450
Alma,52,0.3,0.2,11.4,2.4,5,3,6,86.9
Alma befőtt,67,0.2,0.5,15.0,1.8,2,2,8,350
Almalé,46,0.1,0.1,11.1,0.3,2,1,8,170
Ananász,50,0.5,0.1,11.7,1.4,47,5,13,149.93
Ananészlé,53,0.3,0.1,12.6,0,0,0,0,180
Aszalt áfonya,308,0.2,1.1,77.5,6.5,8,15,35,1200
Aszalt alma,243,0.9,0.3,57.2,6.7,1,0,25,800
Aszalt datolya,282,2.5,0.4,67.0,8.0,0,15,64,974.5
Aszalt füge,249,3.3,0.9,54.1,9.8,1,12,162,1100
Aszalt körte,262,1.9,0.6,62.2,6.2,2,0,20,850
Aszalt licsi,277,3.8,1.2,66.1,1.3,40,0,5,1200
Aszalt őszibarack,239,3.6,0.8,53.1,8.6,3,180,30,950
Aszalt sárgabarack,241,3.4,0.5,55.3,7.3,1,1260,55,750
Aszalt szilva,240,2.2,0.4,56.8,7.1,3,38,43,650
Aszalt szőlő,296,2.5,0.5,71.7,0,0,0,0,550
Avokádó,160,2.0,14.7,1.8,6.7,10,7,12,379.8
Banán,89,1.1,0.3,20.2,2.6,8.7,3,5,90.38
Birsalma,57,0.4,0.1,13.4,1.9,15,40,11,180
Birsalma dzsem,238,0.2,0.0,58.8,1.5,4,10,12,320
Citrom,29,1.1,0.3,6.5,2.8,53,1,26,219.8
Cseresznye,63,1.1,0.2,13.9,2.1,7,20,13,2200
Cseresznye dzsem,246,0.0,0.0,60.0,1.2,2,5,10,450
Datolya,282,2.5,0.4,67.0,6.7,0,15,64,974.5
Datolyaszilva,70,0.6,0.2,15.0,7.2,1,20,60,1082.78
Eper,32,0.7,0.3,5.7,2.0,58.8,12,16,399.8
Eper dzsem,237,0.4,0.0,58.2,1.2,8,5,20,520
Fekete áfonya,57,0.7,0.3,12.1,2.4,9.7,54,6,959.2
Fekete dió,619,24.0,59.3,2.7,3.7,3.2,0,61,1200
Fekete ribizli,63,1.4,0.4,12.6,4.3,181,11,55,1839.2
Füge (nyers),74,0.8,0.3,16.3,1.5,2.0,7,35,650
Görögdinnye,30,0.6,0.2,7.2,0.4,8.1,303,7,124.91
Gránátalma,83,1.7,1.2,14.7,4.0,10.2,16,10,1399.0
Grapefruit (fehér),33,0.7,0.1,7.3,1.6,31.2,8,12,151.35
Grapefruit (piros),42,0.8,0.1,9.1,1.6,31.2,1219,12,206.55
Grapefruitlé (fehér),39,0.5,0.1,9.1,0.2,33.3,0,8,180
Grapefruitlé (piros),39,0.5,0.1,8.4,0.2,33.3,150,8,185
Kajszibarack,48,1.4,0.4,9.2,2.0,10,96,13,450
Kivi,61,1.1,0.5,11.7,3.0,92.7,15,34,365.53
Körte,57,0.4,0.2,12.1,3.1,4.3,1,9,95.0
Licsi,66,0.8,0.4,15.2,1.3,71.5,1,5,1400
Lime,30,0.7,0.2,7.7,2.8,29.1,8,33,282.22
Málna,52,1.2,0.7,5.4,6.5,26.2,12,25,1519.2
Málna dzsem,259,0.5,0.0,63.3,2.0,8.0,5,20,680
Mandarin,53,0.8,0.3,11.5,1.8,26.7,34,30,118.18
Mangó,60,0.8,0.4,13.7,1.6,36.4,54,11,261.15
Mazsola,296,2.5,0.5,71.7,3.7,2.3,0,50,650
Meggy,50,1.0,0.3,10.6,2.1,7.0,38,13,800
Meggy dzsem,288,0.4,0.0,70.3,1.5,5.0,20,15,450
Mézharmat dinnye,36,0.5,0.1,8.2,0.8,34.0,3301,16,300
Narancs,47,0.9,0.1,9.4,2.4,53.2,11,40,110.0
Narancs dzsem,246,0.3,0.0,66.3,0.1,44.0,5,20,380
Őszibarack,39,0.9,0.3,8.4,1.5,6.6,326,9,400
Őszibarack dzsem,295,0.0,0.0,71.0,1.0,4.0,150,15,420
Őszibaracklé,44,0.6,0.0,10.3,0.1,5.0,100,8,180
Papaya,43,0.5,0.3,9.1,1.7,60.9,950,20,600
Piros ribizli,56,1.4,0.2,9.5,4.3,46.0,24,55,1839.2
Ribizli dzsem,251,0.2,0.0,61.6,0.8,4,2,25,650
Sárgabarack,48,1.4,0.4,9.2,2.0,3.6,96,13,233
Sárgabarack dzsem,263,0.4,0.0,64.5,0.6,2,60,20,650
Sárgadinnye,34,0.8,0.2,7.9,0.9,32,169,16,300
Szamóca,32,0.7,0.3,5.7,2.0,58,12,16,400
Szeder,43,1.4,0.4,8.1,5.3,21,12,29,1439
Szeder dzsem,243,0.5,0.4,58.7,1.2,8,5,22,700
Szilva,46,0.7,0.3,10.0,1.5,9.5,17,6,140
Szilva dzsem,227,1.3,0.0,54.0,0.8,4,10,15,650
Szőlő,69,0.7,0.2,17.2,0.9,3.2,3,10,230
Szőlőlé,60,0.4,0.1,14.6,0.1,0.6,1,5,170
Vörös áfonya,46,0.5,0.1,8.4,3.3,13.3,60,25,960
Csuka,88,19.3,0.7,0.0,0,0.5,20,28,950
Édesvízi rák,77,15.9,0.9,0.0,0,1.2,30,55,1400
Éticsiga,90,16.1,1.4,2.0,0,0.8,75,40,2200
Fésűkagyló,69,12.1,0.5,3.2,0,1,8,110,1600
Garnélarák,85,20.1,0.5,0.0,0,0.8,35,52,1249.5
Harcsa,95,16.4,2.8,0.0,0,0.6,40,30,627.29
Hering,158,18.0,9.0,0.0,0,0.9,25,57,850
Kagyló,86,14.6,0.9,3.5,0,4,90,112,1400
Lazac,131,22.3,4.7,0.0,0,0,140,12,1135.6
Lepényhal,70,12.4,1.9,0.0,0,0,0,20,1050
Makrahal,85,18.5,0.7,0.0,0,0,5,30,1100
Makréla,205,18.6,13.9,0.0,0,0,60,15,900
Óriás laposhal,116,20.5,2.9,1.8,0,0,0,28,2200
Osztriga,81,9.5,2.3,5.0,0,3,60,95,3500
Pisztráng,110,21.2,2.7,0.0,0,0,100,29,1850
Polip,82,14.9,1.0,2.2,0,2,36,48,2800
Ponty,127,17.8,5.6,0.0,0,0,20,35,1450
Sügér,91,19.4,0.9,0.0,0,0,0,28,1650
Szardíniakonzerv,208,24.6,11.5,0.0,0,0,30,382,950
Tilápia,96,20.1,1.7,0.0,0,0,0,15,999
Tintahal,92,15.6,1.4,3.1,0,2,40,50,2650
Tonhal,144,23.3,4.9,0.0,0,0,30,15,2090
Tőkehal,72,17.5,0.2,0.0,0,0,10,16,1550
Baromfi virsli,193,12.0,15.0,2.5,0,0,0,12,720
Chorizo kolbász,433,23.7,35.1,5.5,0,0,0,15,1250
Csabai kolbász,494,23.0,44.0,0.9,0,1,0,18,1150
Császárszalonna,367,12.0,35.0,1.0,0,0,0,8,583
Cserkészkolbász,336,16.3,29.8,0.3,0,0,0,16,950
Disznósajt,249,17.0,20.0,0.2,0,0,80,12,680
Főzőkolbász,301,14.8,27.3,2.0,0,0,0,14,850
Füstölt kolbász,316,28.3,22.4,0.2,0,0,0,17,1050
Gépsonka,88,15.5,2.8,1.4,0,0,0,20,750
Gyulai kolbász,479,22.0,43.0,1.0,0,1,0,19,1200
Házi szárazkolbász,469,20.0,43.0,0.5,0,0,0,18,1100
Húskenyér,303,9.2,27.4,4.8,0,0,50,22,780
Húspástétom,282,13.0,23.0,6.0,0,0,120,16,620
Kacsamájkrém,282,8.5,26.0,3.6,0,0,8000,14,1400
Krinolin,206,13.0,16.0,3.3,0,0,0,12,450
Lecsókolbász,409,16.4,36.5,3.0,0,2,100,17,920
Libamájkrém,194,9.1,16.1,2.8,0,0,9000,13,1600
Löncshús,176,9.3,15.4,0.8,0,0,60,15,700
Májashurka,379,14.6,34.5,1.3,0,0,2000,16,1050
Marha párizsi,216,11.3,18.5,1.0,0,0,0,18,880
Mortadella,322,16.0,28.4,0.6,0,0,80,20,950
Nyári szalámi,362,16.2,32.6,1.0,0,0,0,19,1850
Olasz felvágott,251,13.1,21.6,1.0,0,0,100,21,1650
Paprikás szalámi,520,24.0,47.0,0.5,0,2,120,18,1700
Paraszt sonka,245,20.0,18.0,0.5,0,0,0,16,1400
Pármai sonka,236,26.8,14.1,0.5,0,0,0,20,2200
Pulykakolbász,270,12.0,24.0,1.5,0,0,0,15,950
Pulykasonka,111,15.0,4.0,3.4,0,0,0,18,1300
Pulykavirsli,236,13.0,20.0,0.8,0,0,0,14,850
Sertés virsli,252,13.0,21.0,2.7,0,0,0,15,800
Sertésmájkrém,237,10.5,15.5,13.6,0,0,6500,10,650
Sütnivaló kolbász,346,14.3,31.3,0.7,0,0,0,20,1200
Szafaládé,250,10.1,22.4,2.0,0,0,0,5,1600
Szárazkolbász,494,23.0,44.0,0.9,0,0,0,25,1900
Tavaszi felvágott,209,12.0,17.0,1.9,0,0,200,15,1400
Téliszalámi,524,25.0,47.0,0.5,0,0,0,20,1750
Turista felvágott,372,18.0,33.0,1.7,0,0,100,18,1300
Turista szalámi,362,16.2,32.6,1.0,0,0,0,22,1550
Vaddisznókolbász,500,22.0,42.0,1.0,0,0,0,20,2100
Veronai felvágott,288,15.0,24.0,0.0,0,0,150,16,920
Zalai felvágott,218,13.0,18.0,1.1,0,0,120,17,880
Marha fehérpecsenye,121,23.4,3.0,0.0,0,0,0,5,834.5
Marha feketepecsenye,128,22.2,3.7,0.0,0,0,0,5,1100
Marha hasaalja,155,21.2,7.2,0.0,0,0,0,4,450
Marhabélszín,149,21.7,6.9,0.0,0,0,0,5,1300
Marhacomb,129,22.2,3.8,0.0,0,0,0,4,700
Marhafartő,195,20.6,11.9,0.0,0,0,0,4,550
Marhahús (közepesen zsíros),215,18.6,15.0,0.0,0,0,0,5,599.8
Marhahús (sovány),137,21.4,5.0,0.0,0,0,0,5,859.8
Marhahús (zsíros),332,14.4,30.0,0.0,0,0,0,5,599.8
Marhalábszár,128,21.8,3.9,0.0,0,0,0,8,749.38
Marhalapocka,152,20.1,8.1,0.0,0,0,0,6,401.73
Marhamáj,135,20.4,3.6,3.9,0,1,8000,8,380
Marhanyelv,224,14.9,16.1,3.7,0,0,0,10,999
Marhaszegy,251,18.4,19.1,0.0,0,0,0,8,834
Marhaszív,112,17.7,3.9,0.1,0,1,5,6,850
Marhatarja,216,25.7,11.7,0.0,0,0,0,12,768
Marhavese,99,17.4,3.1,0.3,0,0,20,7,800
Fehér kenyér,267,8.2,3.6,49.6,2.8,0,0,120,133
Félbarna kenyér,246,8.2,1.5,49.0,4.5,0,0,38,133
Rozskenyér,259,8.5,3.3,42.5,7.8,0,0,48,267.8
Teljes kiőrlésű kenyér,252,12.5,3.5,36.7,8.2,0,0,45,222.25
Sertés hasaalja,518,9.3,53.0,0.0,0,0,0,8,582.98
Sertésborda,140,20.8,5.6,0.0,0,0,0,7,223.05
Sertéscomb,136,20.5,5.4,0.0,0,0,0,6,572.42
Sertéshús (közepesen zsíros),218,18.0,16.0,0.4,0,0,0,7,346.75
Sertéshús (sovány),121,21.1,4.0,0.2,0,0,0,6,401.73
Sertéshús (zsíros),263,16.9,21.2,0.0,0,0,0,8,279.8
Sertéskaraj (hosszú karaj),155,21.6,6.9,0.0,0,0,0,6,176.52
Sertéskaraj (rövid karaj),133,22.5,4.1,0.0,0,0,0,7,184.35
Sertésláb,140,11.6,10.0,0.0,0,0,0,15,185
Sertéslapocka,148,19.6,7.1,0.0,0,0,0,8,267.8
Sertésmáj,134,21.4,3.7,2.5,0,23,6500,8,463.68
Sertésnyelv,225,16.3,17.2,0.0,0,0,0,5,650
Sertéssonka,147,22.3,5.7,0.1,0,0,0,9,850
Sertéstarja,132,18.7,5.7,0.0,0,0,0,12,195.71
Sertésvese,100,16.5,3.3,0.0,0,10,0,18,280
Sertészsír,897,0.0,99.5,0.0,0,0,0,0,320
Sertésszalonna,417,12.6,39.7,1.3,0,0,0,8,405.0
Sertésszív,118,17.3,4.4,1.3,0,4,0,6,300
Sertésszűz,120,20.7,3.5,0.0,0,0,0,5,1401.64
Csirke alsócomb,116,19.4,3.7,0.0,0,0,0,11,113.2
Csirke felsőcomb,121,19.7,4.1,0.0,0,0,0,12,789.73
Csirkebőr,349,13.3,32.4,0.0,0,0,0,7,140.28
Csirkecomb,119,19.5,3.9,0.0,0,0,0,11,630.59
Csirkehús,119,21.4,3.1,0.0,0,0,0,10,343.52
Csirkeláb,120,19.1,4.2,0.0,0,0,0,14,218.74
Csirkemáj,119,16.9,4.8,0.7,0,1.5,6500,11,129.41
Csirkemell,120,22.5,2.6,0.0,0,0,5,15,279.15
Csirkeszárny,126,22.0,3.5,0.0,0,0,12,13,140.28
Csirkeszív,153,15.6,9.3,0.7,0,5.4,3500,8,260
Csirkezúza,94,17.7,2.1,0.0,0,1.2,150,10,239.8
Fácánhús,133,23.6,3.6,0.0,0,0,30,16,1100
Fürjhús,134,21.8,4.5,0.0,0,0,25,18,1200
Galambhús,142,17.5,7.5,0.0,0,0.5,35,14,1850
Kacsahús,135,18.3,6.0,0.9,0,0.5,20,15,950
Kacsamáj,136,18.7,4.6,3.5,0,4,5000,13,1200
Libahús,161,22.8,7.1,0.0,0,0.3,25,14,1400
Libamáj,133,16.4,4.3,6.3,0,3.5,5500,12,2200
Pulyka alsócomb,118,20.5,3.9,0.0,0,0,8,16,265
Pulyka felsőcomb,116,20.6,3.6,0.0,0,0,10,17,270
Pulykabőr,407,13.0,38.9,0.2,0,0,25,11,280
Pulykacomb,117,20.6,3.8,0.0,0,0,9,16,280
Pulykahús,114,23.7,1.5,0.1,0,0,8,16,300
Pulykaláb,144,19.5,6.7,0.0,0,0,5,20,250
Pulykamáj,128,18.3,5.5,0.0,0,2,7000,14,420
Pulykamell,114,23.3,2.3,0.0,0,0,4,17,380
Pulykaszárny,112,22.5,2.5,0.0,0,0,0,10,247.8
Pulykaszív,140,16.7,7.4,0.4,0,3,3500,8,350
Pulykazúza,111,18.8,3.4,0.0,0,0,0,10,320
Mandulaital,15,0.6,1.1,0.6,0.5,0,0,240,64.9
Mogyoróital,29,0.4,1.6,3.1,0.4,0,0,200,85
Rizsital,47,0.3,1.0,8.9,0.2,0,0,120,57.9
Szója joghurt,66,2.6,1.8,9.3,1.5,0.5,0,150,399.33
Szójabab (főtt),141,12.4,6.4,6.9,6.0,0.3,5,102,145
Szójacsíra,122,13.1,6.7,8.5,2.5,13.0,8,65,650
Szójafehérje,335,88.3,3.3,0.0,3.5,0,0,120,1650
Szójagranulátum,358,45.3,1.9,39.9,4.0,0,0,160,920
Szójakocka,358,45.3,1.9,39.9,2.0,0,0,140,280
Szójakrém,234,6.0,20.0,2.9,5.0,0,0,240,750
Szójaliszt,434,37.8,20.7,22.3,3.5,0,0,165,580
Szójaliszt (zsírtalan),327,51.5,1.2,16.4,4.0,0,0,180,520
Szójamagrarin,342,0.0,38.0,0.0,0,0,400,0,650
Szójaolaj,900,0.0,100.0,0.0,0,0,0,0,880
Szójapehely,421,36.6,22.0,15.9,3.0,0,0,150,850
Szójás fasírtpor,390,35.3,12.9,32.6,3.5,0,0,120,920
Szójás kenyér,265,12.8,3.8,44.8,4.5,0,0,140,280
Szójaszósz,74,7.9,0.0,11.3,0.5,0,0,50,580
Szójatej,33,2.9,1.6,1.2,0.5,0,0,130,65.9
Szójatúró (Tofu),76,8.1,4.8,1.6,1.5,0,0,350,279.67
Szójavirsli,398,6.4,38.0,6.7,2.0,0,0,100,780
Zabtej,29,0.4,1.2,3.0,1.0,0,0,200,58.9
Barbecue szósz,147,1.0,2.0,30.0,0.5,2.0,20,30,478.96
Chili szósz,122,0.7,0.8,26.0,1.5,8.0,100,40,650
Ezersziget salátaöntet,288,0.7,25.0,13.0,0,0,0,15,520
Fokhagymakrém,109,2.0,4.0,14.0,0.5,2,0,20,680
Gulyáskrém,125,1.9,8.6,7.8,0.3,1,150,25,720
Ketchup,104,1.4,0.3,23.0,0.5,3,80,15,380.22
Majonéz,638,1.2,68.0,4.8,0,0,60,8,442.78
Mustár,110,5.0,6.0,5.0,0.8,0,30,20,480
Pizzakrém,168,2.5,6.0,25.0,0.2,1,100,30,550
Spagetti krém,158,2.5,4.6,26.0,0.4,2,120,25,420
Tormás majonéz,303,1.2,26.0,14.5,0.2,1,50,10,520
Tormás mustár,106,4.7,3.4,11.5,0.6,1,20,18,510
Vöröshagymakrém,108,1.5,4.8,13.0,0.4,3,10,18,642.5
Aludttej,59,2.9,3.5,4.0,0,0.5,30,120,95.0
Brick sajt,371,23.2,29.6,2.7,0,0,240,650,650.0
Brie sajt,334,20.8,27.7,0.5,0,0,240,540,520.0
Camembert sajt,300,19.8,24.3,0.5,0,0,220,500,432.5
Cheddar sajt,404,22.9,33.3,3.1,0,0,280,720,639.0
Cheshire sajt,387,23.4,30.6,4.8,0,0,260,680,600.0
Colby sajt,394,23.8,32.1,2.6,0,0,250,700,620.0
Edámi sajt,357,25.0,27.8,1.4,0,0,220,730,378.0
Ementáli sajt,347,26.0,27.0,0.0,0,0,240,860,546.0
Fagylalt,207,3.5,11.0,22.9,0,0.5,90,130,1055.19
Feta sajt,264,14.2,21.3,4.1,0,0,190,490,1466.11
Fontina sajt,389,25.6,31.1,1.6,0,0,270,740,680.0
Főzőtejszín 10%-os,119,3.2,10.0,4.3,0,0.5,50,100,171.67
Főzőtejszín 20%-os,208,3.0,20.0,4.0,0,0.5,100,140,299.75
Gomolya sajt,319,21.0,25.0,3.0,0,0,200,620,916.11
Gomolyatúró,276,18.2,21.1,3.0,0,0,180,450,671.2
Gorgonzola sajt,357,21.4,25.0,7.1,0,0,260,700,800.0
Gouda sajt,356,24.9,27.4,2.2,0,0,240,750,379.33
Görög joghurt,102,3.7,7.5,4.9,0,0.5,65,197,139.0
Gruyere sajt,413,29.8,32.3,0.4,0,0,86,1011,550.0
Habtejszín 30%-os,290,2.2,30.0,2.9,0,0.3,82,96,323.6
Halloumi sajt,321,21.4,28.5,3.5,0,0,74,720,916.11
Havarti sajt,368,21.0,31.5,5.2,0,0,82,710,500.0
Író,39,3.4,0.5,4.7,0,0.2,76,650,400.0
Jégkrém,197,2.6,7.5,30.0,0,0.3,68,113,1055.19
Joghurt,57,2.9,3.3,3.9,0,0.4,43,121,65.25
Juhsajt,357,17.8,31.0,0.0,0,0,79,780,671.2
Juhtej,108,6.0,7.0,5.4,0,3.2,47,193,450.0
Juhtúró,270,15.8,22.8,0.0,0,0.3,71,275,671.2
Kávétejszín,120,3.2,10.0,4.2,0,0.2,75,82,200.0
Kecskesajt,364,21.6,29.8,0.1,0,0,81,730,916.11
Kecsketej,69,3.6,4.1,4.5,0,1.3,48,134,480.0
Kefir,55,3.1,3.0,4.0,0,0.4,35,141,150.0
Kéksajt,353,21.4,28.7,2.3,0,0,77,860,800.0
Köményes sajt,376,25.2,29.2,3.1,0,0,82,750,450.0
Körözött,184,11.0,14.0,4.6,0,0.2,95,380,614.07
Krémsajt,160,7.0,14.0,1.6,0,0,72,98,559.2
Krémtúró,171,8.5,5.0,23.0,0,0.2,68,110,234.62
Márványsajt,353,21.4,28.7,2.3,0,0,80,780,520
Mascarpone sajt,420,3.0,44.0,3.0,0,0,89,196,1200
Monterey sajt,373,24.5,30.3,0.7,0,0,84,680,750
Mozzarella sajt,300,22.2,22.4,2.2,0,0,73,505,280
Muenster sajt,368,23.4,30.0,1.1,0,0,86,645,800
Neufchatel sajt,253,9.2,22.8,3.6,0,0,70,115,900
Óvári sajt,284,30.4,17.6,1.9,0,0,81,740,650
Pálpusztai sajt,293,23.0,21.0,1.0,0,0,79,720,700
Parenyica sajt,283,23.0,21.0,0.5,0,0,80,680,820
Parmezán sajt,392,35.8,25.8,3.2,0,0,394,1109,1400
Provolone sajt,351,25.6,26.6,2.1,0,0,214,756,920
Puding,142,2.1,4.6,23.0,0,0,47,142,220
Ricotta sajt,174,11.3,13.0,3.0,0,0,159,207,380
Rokfort sajt,369,21.5,30.6,2.0,0,0,590,714,1600
Romano sajt,387,31.8,26.9,3.6,0,0,356,1064,1350
Sűrített tej,321,7.9,8.7,54.4,0,1,119,261,380
"Tehéntej (0,1%-os)",32,3.1,0.1,4.7,0,1,26,113,32
"Tehéntej (1,5%-os)",44,3.0,1.5,4.7,0,1,37,119,32
"Tehéntej (2,8%-os)",56,3.0,2.8,4.6,0,1,51,120,41
"Tehéntej (3,5%-os)",62,3.0,3.5,4.6,0,1,60,121,44.5
"Tehéntej (3,6%-os)",64,3.2,3.6,4.6,0,1,61,121,98.9
Tehéntúró (félzsíros),137,16.0,7.0,2.0,0,0,83,126,256.4
Tehéntúró (sovány),95,14.0,2.8,3.5,0,0,10,124,279.2
Tejföl (12%-os),135,3.0,12.0,3.4,0,0,108,95,120.3
Tejföl (20%-os),207,2.5,20.0,3.8,0,0,167,88,135.45
Tejszínhab,257,3.2,22.2,12.5,0,0,356,79,323.6
Trappista sajt,352,23.8,28.2,0.6,0,0,214,812,419.2
Túró Rudi,357,9.6,18.0,39.0,0,0,78,124,732.86
Vaj,742,0.4,80.0,0.5,0,0,719,24,225.6
Vajkrém,385,2.3,40.0,4.9,0,0,451,73,484.5
Tyúktojás,143,12.6,9.5,0.7,0,0,140,56,280
Tyúktojás (fehérje),52,10.9,0.2,0.7,0,0,0,52,170
Tyúktojás (sárgája),322,15.9,26.5,3.6,0,0,320,64,380
Durumtészta (száraz),360,12.5,1.4,73.0,3.7,0,0,36,280
Kuszkusz (száraz),376,12.8,0.6,72.4,3.7,0,0,53,360
Száraztészta (2 tojásos),370,12.6,1.6,75.0,3.3,0,60,25,289
Száraztészta (4 tojásos),381,13.0,2.0,76.0,3.3,0,120,25,312
Száraztészta (8 tojásos),388,14.5,3.4,73.2,3.3,0,240,26,359
Napraforgóolaj,884,0.0,100.0,0.0,0,0,0,0,650
Olívaolaj,884,0.0,100.0,0.0,0,0,0,0,1200
Bab (konzerv),114,7.4,0.4,16.1,5.2,1.0,3,40,189.0
Brokkoli,34,2.8,0.4,4.0,2.4,89,361,47,288.67
Burgonya,77,2.1,0.1,15.4,2.1,19,0,12,51.95
Cékla,43,1.6,0.2,6.8,2.8,4.9,20,16,286.53
Cukkini,17,1.2,0.3,2.5,1.1,20,200,19,100.0
Csemegeuborka,11,0.3,0.2,1.1,1.2,3,100,16,145.56
Csicseriborsó (főtt),164,8.9,2.6,19.8,6.4,1.5,22,40,110.0
Csicseriborsó (konzerv),139,7.1,2.8,16.1,5.3,0.8,20,38,130.0
Disznóbab (konzerv),71,5.4,0.2,8.7,4.3,0.3,4,48,185
Édes hagyma,32,0.8,0.0,6.6,1.7,7.4,2,23,68.67
Édesburgonya,86,1.5,0.0,17.1,3.0,8.8,961,30,170
Étkezési paprika,27,1.0,0.2,5.4,3.6,131.5,3131,37,357
Fehérbab (főtt),139,9.7,0.4,18.8,6.3,0.5,1,161,120
Fehérbab (konzerv),114,7.3,0.3,16.4,5.8,0.3,1,150,170
Fehérrépa,55,2.3,0.6,8.0,2.4,2.0,2,24,55
Fejes káposzta,25,1.3,0.1,3.3,2.3,36.6,98,47,42.3
Fejes saláta,15,1.4,0.2,1.6,1.2,3.7,141,36,159.6
Fekete bab (főtt),132,8.9,0.5,15.0,8.7,0.4,0,27,125
Fekete bab (konzerv),91,6.0,0.3,9.7,8.0,0.2,0,25,320
Fodros kel,42,2.8,0.6,6.6,3.6,120.0,1254,150,499.67
Fokhagyma,149,6.4,0.5,31.0,2.1,31.2,1,181,242.0
Főzőtök,31,0.6,0.6,5.4,2.0,8.0,426,22,268.53
Jalapeno paprika,29,0.9,0.4,4.1,2.8,76.9,315,12,420.53
Jégcsapretek,14,1.1,0.1,1.2,2.0,13.8,46,50,222.27
Jégsaláta,14,0.9,0.1,2.0,0.7,2.2,63,18,159.6
Karalábé,27,1.7,0.1,2.6,1.7,62.0,3,24,186.0
Karfiol,25,1.9,0.3,3.0,2.4,46.4,14,22,218.09
Kelbimbó,43,3.4,0.3,5.2,2.4,141,26,42,288.67
Kelkáposzta,27,2.0,0.1,3.0,2.0,120,681,150,499.67
Kerekrépa (tarlórépa),28,0.9,0.1,4.6,2.3,21,9,43,222.27
Kígyóuborka,15,0.7,0.1,3.1,0.5,2.8,45,16,163.6
Kimcshi,15,1.1,0.5,1.0,1.5,15,20,46,450
Krumpli,77,2.1,0.1,15.4,2.1,19.7,2,12,51.95
Kukorica (főtt),97,3.3,1.4,19.0,2.7,6.8,9,3,85
Kukorica (konzerv),79,2.4,0.5,17.4,1.5,2.5,8,5,364.56
Lencse (főtt),116,9.0,0.4,12.2,1.9,1.5,5,19,280
Leveles kel,42,2.8,0.6,6.6,2.0,120,681,150,499.67
Lilahagyma,42,0.9,0.1,10.1,1.7,7.4,0,23,68.67
Lilakáposzta,31,1.4,0.2,5.3,2.4,57,30,47,93.69
Metélőhagyma,30,3.3,0.7,1.9,2.4,27.0,275,72,2596.67
Olívabogyó (konzerv),115,0.8,10.7,3.1,1.3,0.0,20,52,560.77
Padlizsán,25,1.0,0.2,3.5,3.0,3.5,23,12,139.12
Paradicsom,18,0.9,0.2,1.3,1.2,13.7,42,12,128.33
Paszternák,75,1.2,0.3,13.1,4.9,17.0,0,36,150
Patiszon,18,1.2,0.2,2.6,1.1,17.0,19,15,100
Pézsmatök,45,1.0,0.1,9.7,1.1,9.0,961,17,268.53
Piros fejes saláta,16,1.3,0.2,1.3,1.0,3.2,192,16,319.6
Póréhagyma,61,1.5,0.3,12.4,2.1,12.0,83,59,374.38
Rebarbara,21,0.9,0.2,2.7,1.8,8.0,12,86,220
Retek,16,0.7,0.1,1.9,1.6,14.8,7,25,222.27
Római bab (főtt),136,9.3,0.5,15.9,6.4,1.5,20,94,280
Római bab (konzerv),83,5.5,0.3,8.8,5.2,1.2,15,88,250
Római saláta,17,1.2,0.3,1.1,1.2,3.6,275,40,311.6
Rukkola,25,2.6,0.7,2.1,3.7,15.0,474,160,799.0
Sárgabab (főtt),35,1.9,0.3,4.6,5.7,11.5,12,22,290
Sárgabab (konzerv),20,1.1,0.1,3.2,4.2,8.0,10,20,260
Sárgaborsó (főtt),118,8.3,0.4,12.8,5.7,16.0,18,25,280
Sárgarépa,41,0.9,0.2,6.8,2.8,5.9,961,33,58.6
Sárgarépa (főtt),37,0.5,0.6,4.4,2.3,3.6,961,24,65
Sárgarépalé,40,1.0,0.2,8.5,0.4,4.0,860,18,150
Savanyú káposzta,19,0.9,0.1,4.2,2.3,14.0,6,86,120
Savanyú uborka,11,0.3,0.2,1.1,1.1,2.8,60,24,140
Sóska,22,2.0,0.7,3.2,1.2,6.5,314,44,850
Spárga,20,2.2,0.1,1.8,2.1,5.6,38,24,620
Spárgatök,31,0.6,0.6,5.4,0.6,9.2,360,18,214
Spenótlevél,23,2.9,0.4,1.4,2.2,9.2,469,99,839
Sütőtök,45,1.0,0.1,9.7,1.1,9.0,961,34,214
Tök,16,1.2,0.2,2.3,0.5,9.0,400,21,213.8
Uborka,11,0.3,0.2,1.1,0.5,3.6,45,15,163.6
Újhagyma,32,1.8,0.2,4.7,1.7,18.0,63,72,374.17
Vörös káposzta,31,1.4,0.2,5.3,2.1,57.0,30,67,93.69
Vörösbab (főtt),127,8.7,0.5,15.4,6.0,0.1,0,41,172
Vörösbab (konzerv),81,5.2,0.4,10.5,4.5,0.1,0,38,205
Vöröshagyma,40,1.1,0.1,7.6,1.5,8.0,2,29,27.5
Vöröslencse (főtt),111,7.4,0.7,19.6,3.9,0.5,0,21,155
Zeller gyökér,42,1.5,0.3,7.4,1.8,3.5,3,43,55.0
Zeller zöldje,16,0.7,0.2,1.4,1.8,3.5,4470,106,243
Zöldbab (főtt),35,1.9,0.3,4.7,2.4,9.5,35,30,120
Zöldbab (konzerv),22,1.1,0.5,2.4,2.1,4.0,30,28,180
Zöldborsó (főtt),84,5.4,0.2,10.1,5.2,8.0,32,21,140
Zöldborsó (konzerv),69,4.4,0.4,8.5,4.5,5.5,28,18,180
Mogyorókrém,541,5.4,29.7,56.8,6.0,0,0,40,1400
Kristálycukor,400,0.0,0.0,100.0,0,0,0,1,400
Méz,304,0.3,0.0,82.2,0.2,0.5,0,6,1600